{"stats":{"minecraft:killed":{"minecraft:husk":1,"minecraft:zombie":1},"minecraft:used":{"minecraft:shulker_box":2},"minecraft:picked_up":{"securitycraft:wire_cutters":2,"securitycraft:universal_block_modifier":3,"tombstone:essence_of_undeath":1,"minecraft:shulker_box":1},"minecraft:custom":{"minecraft:time_since_rest":15645,"minecraft:crouch_one_cm":192,"minecraft:sprint_one_cm":1627,"minecraft:play_time":15645,"minecraft:open_shulker_box":1,"minecraft:damage_taken":225,"minecraft:walk_one_cm":16586,"minecraft:sneak_time":55,"minecraft:mob_kills":2,"minecraft:drop":7,"minecraft:jump":60,"minecraft:damage_dealt":390,"minecraft:leave_game":3,"minecraft:time_since_death":15645,"minecraft:total_world_time":15645,"minecraft:talked_to_villager":1,"minecraft:fly_one_cm":33238},"minecraft:dropped":{"securitycraft:universal_block_modifier":3,"tombstone:essence_of_undeath":2,"securitycraft:wire_cutters":2}},"DataVersion":3120}