{"stats":{"minecraft:used":{"minecraft:terracotta":1,"minecraft:hopper":1},"minecraft:picked_up":{"minecraft:iron_leggings":1},"minecraft:custom":{"minecraft:jump":131,"minecraft:time_since_rest":22569,"minecraft:damage_taken":140,"minecraft:crouch_one_cm":2118,"minecraft:play_time":31750,"minecraft:leave_game":6,"minecraft:sprint_one_cm":26870,"minecraft:deaths":1,"minecraft:time_since_death":22533,"minecraft:walk_one_cm":16011,"minecraft:sneak_time":642,"minecraft:total_world_time":31750,"minecraft:fall_one_cm":3431,"minecraft:drop":1,"minecraft:fly_one_cm":75913},"minecraft:dropped":{"minecraft:iron_leggings":1}},"DataVersion":3578}