{"stats":{"minecraft:picked_up":{"minecraft:oak_log":4,"minecraft:wheat_seeds":1},"minecraft:custom":{"minecraft:jump":12,"minecraft:time_since_rest":8666,"minecraft:leave_game":1,"minecraft:sprint_one_cm":1552,"minecraft:play_time":8666,"minecraft:time_since_death":8666,"minecraft:walk_one_cm":1440,"minecraft:total_world_time":8666,"minecraft:drop":1,"minecraft:fall_one_cm":209,"minecraft:fly_one_cm":2068},"minecraft:mined":{"minecraft:short_grass":1,"minecraft:oak_log":4,"minecraft:oak_leaves":2},"minecraft:dropped":{"minecraft:wheat_seeds":1},"minecraft:crafted":{"minecraft:oak_planks":16}},"DataVersion":3837}