{"stats":{"minecraft:used":{"minecraft:creeper_spawn_egg":1},"minecraft:picked_up":{"minecraft:spruce_fence_gate":1,"minecraft:emerald":3},"minecraft:dropped":{"minecraft:emerald":3,"minecraft:spruce_fence_gate":1},"minecraft:custom":{"minecraft:jump":29,"minecraft:open_chest":4,"minecraft:time_since_rest":9232,"minecraft:play_time":9232,"minecraft:leave_game":4,"minecraft:sprint_one_cm":5313,"minecraft:time_since_death":9232,"minecraft:walk_one_cm":5999,"minecraft:sneak_time":185,"minecraft:total_world_time":9232,"minecraft:drop":2,"minecraft:fly_one_cm":102193}},"DataVersion":3465}