{"stats":{"minecraft:used":{"minecraft:netherite_sword":2,"minecraft:dirt":1,"minecraft:terracotta":2,"minecraft:hopper":1,"minecraft:oak_sapling":1,"minecraft:netherite_pickaxe":8,"minecraft:husk_spawn_egg":1,"minecraft:stone":11,"minecraft:bone_meal":2},"minecraft:picked_up":{"minecraft:iron_leggings":1,"minecraft:apple":1,"minecraft:oak_log":6,"minecraft:oak_sapling":3},"minecraft:custom":{"minecraft:time_since_rest":33123,"minecraft:crouch_one_cm":2271,"minecraft:play_time":42304,"minecraft:sprint_one_cm":29020,"minecraft:deaths":1,"minecraft:damage_taken":140,"minecraft:walk_one_cm":23274,"minecraft:sneak_time":764,"minecraft:mob_kills":1,"minecraft:drop":1,"minecraft:jump":156,"minecraft:damage_dealt":197,"minecraft:leave_game":10,"minecraft:time_since_death":33087,"minecraft:total_world_time":42304,"minecraft:fall_one_cm":3431,"minecraft:fly_one_cm":78807},"minecraft:dropped":{"minecraft:iron_leggings":1},"minecraft:killed":{"minecraft:husk":1},"minecraft:mined":{"minecraft:oak_sapling":1,"minecraft:dirt":1,"minecraft:stone":8}},"DataVersion":3578}