{"stats":{"minecraft:custom":{"minecraft:jump":23,"minecraft:time_since_rest":7250,"minecraft:play_time":7250,"minecraft:leave_game":2,"minecraft:sprint_one_cm":4259,"minecraft:time_since_death":7250,"minecraft:walk_one_cm":3760,"minecraft:sneak_time":185,"minecraft:total_world_time":7250,"minecraft:drop":1,"minecraft:fly_one_cm":101506},"minecraft:used":{"minecraft:creeper_spawn_egg":1},"minecraft:dropped":{"minecraft:spruce_fence_gate":1},"minecraft:picked_up":{"minecraft:spruce_fence_gate":1}},"DataVersion":3465}