{
  "minecraft:recipes/decorations/crafting_table": {
    "criteria": {
      "unlock_right_away": "2024-07-19 23:30:23 +0000"
    },
    "done": true
  },
  "minecraft:adventure/adventuring_time": {
    "criteria": {
      "minecraft:frozen_river": "2024-07-19 23:31:58 +0000",
      "minecraft:river": "2024-07-19 23:32:55 +0000",
      "minecraft:snowy_plains": "2024-07-19 23:30:24 +0000",
      "minecraft:plains": "2024-07-19 23:32:41 +0000"
    },
    "done": false
  },
  "minecraft:recipes/building_blocks/emerald_block": {
    "criteria": {
      "has_emerald": "2024-07-19 23:58:19 +0000"
    },
    "done": true
  },
  "DataVersion": 3465
}