{
  "betterdungeons:root": {
    "criteria": {
      "always": "2024-07-20 14:18:38 +0000"
    },
    "done": true
  },
  "betterdeserttemples:root": {
    "criteria": {
      "always": "2024-07-20 14:18:38 +0000"
    },
    "done": true
  },
  "minecraft:adventure/root": {
    "criteria": {
      "killed_something": "2024-07-20 14:06:18 +0000"
    },
    "done": true
  },
  "minecraft:adventure/kill_a_mob": {
    "criteria": {
      "minecraft:husk": "2024-07-20 14:06:18 +0000"
    },
    "done": true
  },
  "tombstone:adventure/root": {
    "criteria": {
      "auto": "2024-07-20 14:18:39 +0000"
    },
    "done": true
  },
  "minecraft:adventure/kill_all_mobs": {
    "criteria": {
      "minecraft:husk": "2024-07-20 14:06:18 +0000",
      "minecraft:zombie": "2024-07-20 14:06:27 +0000"
    },
    "done": false
  },
  "minecraft:adventure/adventuring_time": {
    "criteria": {
      "minecraft:stony_shore": "2024-07-20 14:20:06 +0000",
      "minecraft:desert": "2024-07-20 13:31:16 +0000",
      "minecraft:warm_ocean": "2024-07-20 14:20:10 +0000"
    },
    "done": false
  },
  "DataVersion": 3120
}